id;provider;access_token;refresh_token;external_calendar_id
1;OUTLOOK;midst sense;offensively if;per
2;OUTLOOK;phew hungrily;spectacles gosh well;for beside yet
3;GOOGLE;before plus mystify;whereas;ack loudly meh
4;OUTLOOK;worldly classic even;especially serene;clear-cut
5;GOOGLE;ah pike sleepy;boo;even plus
6;OUTLOOK;vanish throughout midst;curl;imagineer guzzle parsnip
7;OUTLOOK;begonia;eventually versus svelte;coexist fly squiggly
8;GOOGLE;yet steak inculcate;glossy;yahoo um when
9;OUTLOOK;accidentally;easily;freckle geez
10;OUTLOOK;lovingly;anti;aboard during
11;OUTLOOK;mouser athwart till;brr favorable;trench condense loosely
12;OUTLOOK;as quick-witted what;whenever reasonable;verbally vice forsaken
13;GOOGLE;headline through;curiously psst yearn;hierarchy doubtfully
14;OUTLOOK;tectonics phooey;intervention;fledgling microchip gosh
15;GOOGLE;for equatorial;hornet;downright
16;OUTLOOK;gazebo bend;ha;roughly far-flung hmph
17;OUTLOOK;eek ick;pfft vivaciously round;loose
18;OUTLOOK;mid noisily;um who concerning;yum new
19;OUTLOOK;ownership disbar for;drowse;near
20;GOOGLE;what given;from;ouch tepid
21;GOOGLE;boastfully per hexagon;fully;equally brr
22;GOOGLE;fill fluctuate;gee peaceful;gruesome
23;OUTLOOK;after vol pfft;whoa taxicab row;till lest
24;OUTLOOK;apropos instead;director;than regarding ew
25;GOOGLE;um yahoo;qua verve trustworthy;uncork
26;OUTLOOK;till zowie maintainer;muddy which where;knight
27;GOOGLE;behind although;if towards;hm
28;OUTLOOK;gently;inasmuch spew reflecting;soliloquy wrongly
29;GOOGLE;quickly lowball;unlike ha fatherly;hence why greedily
30;OUTLOOK;zowie anenst annually;adaptation;plan junior amid
