id;title;description;start_time;end_time;location;status
1;darling planula;entwine;2026-03-30T18:24:54;2026-03-30T19:02:24;brr punctually;CANCELLED
2;bolster reference barring;where ew;2026-03-30T20:14:14;2026-03-31T01:22:14;neglect weird gnaw;CANCELLED
3;upon within square;whenever meh briskly;2026-03-30T16:22:58;2026-03-31T06:37:05;long-term clone;DRAFT
4;kindheartedly;since emergent pish;2026-03-30T19:10:04;2026-03-31T08:40:05;stable valiantly;CANCELLED
5;foolishly;zowie cavernous;2026-03-30T18:31:03;2026-03-31T03:49:39;until oh;CONFIRMED
6;regarding aw geez;a;2026-03-30T16:44:52;2026-03-31T09:38:23;stale plus;DRAFT
7;provided;aha pfft wearily;2026-03-31T02:45:58;2026-03-31T14:06:06;pinion reasonable;CANCELLED
8;webbed unfit;aware chilly;2026-03-31T12:41:16;2026-03-31T08:34:40;quash;DRAFT
9;suddenly wearily;uselessly;2026-03-30T15:03:21;2026-03-31T12:49:57;quintessential aha barring;CANCELLED
10;short;immense ugly pish;2026-03-31T01:14:06;2026-03-31T03:33:47;scar provider afore;CANCELLED
11;whoa after;quarrelsome ascribe;2026-03-31T13:08:12;2026-03-31T03:13:18;pfft quit courageously;CANCELLED
12;not;er sometimes;2026-03-31T02:21:45;2026-03-31T05:08:50;sharply entomb sediment;CONFIRMED
13;miscalculate solidly sans;understated obligation;2026-03-31T01:19:39;2026-03-30T15:04:22;uh-huh quicker;DRAFT
14;qua deform doting;ack;2026-03-30T21:54:19;2026-03-31T08:27:25;whereas sidetrack subdued;DRAFT
15;consistency boldly unless;or;2026-03-31T06:36:15;2026-03-31T12:35:32;likely;CONFIRMED
16;beyond bliss;axe;2026-03-30T21:12:19;2026-03-31T12:39:10;pish yippee vice;CANCELLED
17;openly easily;lustrous outrun after;2026-03-31T02:47:35;2026-03-31T14:03:46;appreciate especially;DRAFT
18;via freight huzzah;eek pretend ha;2026-03-31T09:36:21;2026-03-31T00:14:49;purple punctually than;DRAFT
19;save how sate;scale defiantly;2026-03-31T03:25:34;2026-03-30T19:21:44;superficial boastfully boo;DRAFT
20;windy;brr hence closely;2026-03-31T09:36:08;2026-03-30T15:58:19;even via;CANCELLED
21;difficult;reasoning asset;2026-03-30T18:41:04;2026-03-30T17:28:47;whoever numb cleverly;DRAFT
22;smarten understanding near;but interestingly everlasting;2026-03-31T03:55:05;2026-03-30T16:02:14;near;DRAFT
23;after;gladly confute meanwhile;2026-03-31T05:52:22;2026-03-30T20:51:48;see per;DRAFT
24;huzzah woot;afore repentant to;2026-03-31T07:03:03;2026-03-31T14:19:57;oof yippee finger;CANCELLED
25;helpful atop;shameless;2026-03-30T18:59:29;2026-03-31T10:25:12;notwithstanding before deform;CONFIRMED
26;bookcase eek;trolley mild;2026-03-31T02:20:11;2026-03-31T04:30:28;interestingly underneath;DRAFT
27;abaft suburban unnecessarily;hypothesise safely except;2026-03-30T16:38:02;2026-03-30T15:24:40;even doubtfully unkempt;DRAFT
28;optimal blend;although;2026-03-31T12:42:50;2026-03-31T09:38:52;successfully;DRAFT
29;and considering jungle;edge however tarry;2026-03-30T20:13:23;2026-03-31T03:11:31;innovate;DRAFT
30;yippee versus;apud;2026-03-30T20:37:06;2026-03-31T03:55:21;rudely verbally whimsical;CONFIRMED
